CLAVE ,DESCRIPCION 
1,1 minuto
2,2 minutos
3,3 minutos
4,4 minutos
5,5 minutos
6,6 minutos
7,7 minutos
8,8 minutos
9,9 minutos
10,10 minutos
11,11 minutos
12,12 minutos
13,13 minutos
14,14 minutos
15,15 minutos
16,16 minutos
17,17 minutos
18,18 minutos
19,19 minutos
20,20 minutos
21,21 minutos
22,22 minutos
23,23 minutos
24,24 minutos
25,25 minutos
26,26 minutos
27,27 minutos
28,28 minutos
29,29 minutos
30,30 minutos
31,31 minutos
32,32 minutos
33,33 minutos
34,34 minutos
35,35 minutos
36,36 minutos
37,37 minutos
38,38 minutos
39,39 minutos
40,40 minutos
41,41 minutos
42,42 minutos
43,43 minutos
44,44 minutos
45,45 minutos
46,46 minutos
47,47 minutos
48,48 minutos
49,49 minutos
50,50 minutos
51,51 minutos
52,52 minutos
53,53 minutos
54,54 minutos
55,55 minutos
56,56 minutos
57,57 minutos
58,58 minutos
59,59 minutos
60,60 minutos
61,61 minutos
62,62 minutos
63,63 minutos
64,64 minutos
65,65 minutos
66,66 minutos
67,67 minutos
68,68 minutos
69,69 minutos
70,70 minutos
71,71 minutos
72,72 minutos
73,73 minutos
74,74 minutos
75,75 minutos
76,76 minutos
77,77 minutos
78,78 minutos
79,79 minutos
80,80 minutos
81,81 minutos
82,82 minutos
83,83 minutos
84,84 minutos
85,85 minutos
86,86 minutos
87,87 minutos
88,88 minutos
89,89 minutos
90,90 minutos
91,91 minutos
92,92 minutos
93,93 minutos
94,94 minutos
95,95 minutos
96,96 minutos
97,97 minutos
98,98 minutos
99,99 minutos
100,100 minutos
101,101 minutos
102,102 minutos
103,103 minutos
104,104 minutos
105,105 minutos
106,106 minutos
107,107 minutos
108,108 minutos
109,109 minutos
110,110 minutos
111,111 minutos
112,112 minutos
113,113 minutos
114,114 minutos
115,115 minutos
116,116 minutos
117,117 minutos
118,118 minutos
119,119 minutos
120,120 minutos
121,121 minutos
122,122 minutos
123,123 minutos
124,124 minutos
125,125 minutos
126,126 minutos
127,127 minutos
128,128 minutos
129,129 minutos
130,130 minutos
131,131 minutos
132,132 minutos
133,133 minutos
134,134 minutos
135,135 minutos
136,136 minutos
137,137 minutos
138,138 minutos
139,139 minutos
140,140 minutos
141,141 minutos
142,142 minutos
143,143 minutos
144,144 minutos
145,145 minutos
146,146 minutos
147,147 minutos
148,148 minutos
149,149 minutos
150,150 minutos
151,151 minutos
152,152 minutos
153,153 minutos
154,154 minutos
155,155 minutos
156,156 minutos
157,157 minutos
158,158 minutos
159,159 minutos
160,160 minutos
161,161 minutos
162,162 minutos
163,163 minutos
164,164 minutos
165,165 minutos
166,166 minutos
167,167 minutos
168,168 minutos
169,169 minutos
170,170 minutos
171,171 minutos
172,172 minutos
173,173 minutos
174,174 minutos
175,175 minutos
176,176 minutos
177,177 minutos
178,178 minutos
179,179 minutos
180,180 minutos
181,181 minutos
182,182 minutos
183,183 minutos
184,184 minutos
185,185 minutos
186,186 minutos
187,187 minutos
188,188 minutos
189,189 minutos
190,190 minutos
191,191 minutos
192,192 minutos
193,193 minutos
194,194 minutos
195,195 minutos
196,196 minutos
197,197 minutos
198,198 minutos
199,199 minutos
200,200 minutos
201,201 minutos
202,202 minutos
203,203 minutos
204,204 minutos
205,205 minutos
206,206 minutos
207,207 minutos
208,208 minutos
209,209 minutos
210,210 minutos
211,211 minutos
212,212 minutos
213,213 minutos
214,214 minutos
215,215 minutos
216,216 minutos
217,217 minutos
218,218 minutos
219,219 minutos
220,220 minutos
221,221 minutos
222,222 minutos
223,223 minutos
224,224 minutos
225,225 minutos
226,226 minutos
227,227 minutos
228,228 minutos
229,229 minutos
230,230 minutos
231,231 minutos
232,232 minutos
233,233 minutos
234,234 minutos
235,235 minutos
236,236 minutos
237,237 minutos
238,238 minutos
239,239 minutos
240,240 minutos
241,241 minutos
242,242 minutos
243,243 minutos
244,244 minutos
245,245 minutos
246,246 minutos
247,247 minutos
248,248 minutos
249,249 minutos
250,250 minutos
251,251 minutos
252,252 minutos
253,253 minutos
254,254 minutos
255,255 minutos
256,256 minutos
257,257 minutos
258,258 minutos
259,259 minutos
260,260 minutos
261,261 minutos
262,262 minutos
263,263 minutos
264,264 minutos
265,265 minutos
266,266 minutos
267,267 minutos
268,268 minutos
269,269 minutos
270,270 minutos
271,271 minutos
272,272 minutos
273,273 minutos
274,274 minutos
275,275 minutos
276,276 minutos
277,277 minutos
278,278 minutos
279,279 minutos
280,280 minutos
281,281 minutos
282,282 minutos
283,283 minutos
284,284 minutos
285,285 minutos
286,286 minutos
287,287 minutos
288,288 minutos
289,289 minutos
290,290 minutos
291,291 minutos
292,292 minutos
293,293 minutos
294,294 minutos
295,295 minutos
296,296 minutos
297,297 minutos
298,298 minutos
299,299 minutos
300,300 minutos
301,301 minutos
302,302 minutos
303,303 minutos
304,304 minutos
305,305 minutos
306,306 minutos
307,307 minutos
308,308 minutos
309,309 minutos
310,310 minutos
311,311 minutos
312,312 minutos
313,313 minutos
314,314 minutos
315,315 minutos
316,316 minutos
317,317 minutos
318,318 minutos
319,319 minutos
320,320 minutos
321,321 minutos
322,322 minutos
323,323 minutos
324,324 minutos
325,325 minutos
326,326 minutos
327,327 minutos
328,328 minutos
329,329 minutos
330,330 minutos
331,331 minutos
332,332 minutos
333,333 minutos
334,334 minutos
335,335 minutos
336,336 minutos
337,337 minutos
338,338 minutos
339,339 minutos
340,340 minutos
341,341 minutos
342,342 minutos
343,343 minutos
344,344 minutos
345,345 minutos
346,346 minutos
347,347 minutos
348,348 minutos
349,349 minutos
350,350 minutos
351,351 minutos
352,352 minutos
353,353 minutos
354,354 minutos
355,355 minutos
356,356 minutos
357,357 minutos
358,358 minutos
359,359 minutos
360,360 minutos
361,361 minutos
362,362 minutos
363,363 minutos
364,364 minutos
365,365 minutos
366,366 minutos
367,367 minutos
368,368 minutos
369,369 minutos
370,370 minutos
371,371 minutos
372,372 minutos
373,373 minutos
374,374 minutos
375,375 minutos
376,376 minutos
377,377 minutos
378,378 minutos
379,379 minutos
380,380 minutos
381,381 minutos
382,382 minutos
383,383 minutos
384,384 minutos
385,385 minutos
386,386 minutos
387,387 minutos
388,388 minutos
389,389 minutos
390,390 minutos
391,391 minutos
392,392 minutos
393,393 minutos
394,394 minutos
395,395 minutos
396,396 minutos
397,397 minutos
398,398 minutos
399,399 minutos
400,400 minutos
401,401 minutos
402,402 minutos
403,403 minutos
404,404 minutos
405,405 minutos
406,406 minutos
407,407 minutos
408,408 minutos
409,409 minutos
410,410 minutos
411,411 minutos
412,412 minutos
413,413 minutos
414,414 minutos
415,415 minutos
416,416 minutos
417,417 minutos
418,418 minutos
419,419 minutos
420,420 minutos
421,421 minutos
422,422 minutos
423,423 minutos
424,424 minutos
425,425 minutos
426,426 minutos
427,427 minutos
428,428 minutos
429,429 minutos
430,430 minutos
431,431 minutos
432,432 minutos
433,433 minutos
434,434 minutos
435,435 minutos
436,436 minutos
437,437 minutos
438,438 minutos
439,439 minutos
440,440 minutos
441,441 minutos
442,442 minutos
443,443 minutos
444,444 minutos
445,445 minutos
446,446 minutos
447,447 minutos
448,448 minutos
449,449 minutos
450,450 minutos
451,451 minutos
452,452 minutos
453,453 minutos
454,454 minutos
455,455 minutos
456,456 minutos
457,457 minutos
458,458 minutos
459,459 minutos
460,460 minutos
461,461 minutos
462,462 minutos
463,463 minutos
464,464 minutos
465,465 minutos
466,466 minutos
467,467 minutos
468,468 minutos
469,469 minutos
470,470 minutos
471,471 minutos
472,472 minutos
473,473 minutos
474,474 minutos
475,475 minutos
476,476 minutos
477,477 minutos
478,478 minutos
479,479 minutos
480,480 minutos
481,481 minutos
482,482 minutos
483,483 minutos
484,484 minutos
485,485 minutos
486,486 minutos
487,487 minutos
488,488 minutos
489,489 minutos
490,490 minutos
491,491 minutos
492,492 minutos
493,493 minutos
494,494 minutos
495,495 minutos
496,496 minutos
497,497 minutos
498,498 minutos
499,499 minutos
500,500 minutos
501,501 minutos
502,502 minutos
503,503 minutos
504,504 minutos
505,505 minutos
506,506 minutos
507,507 minutos
508,508 minutos
509,509 minutos
510,510 minutos
511,511 minutos
512,512 minutos
513,513 minutos
514,514 minutos
515,515 minutos
516,516 minutos
517,517 minutos
518,518 minutos
519,519 minutos
520,520 minutos
521,521 minutos
522,522 minutos
523,523 minutos
524,524 minutos
525,525 minutos
526,526 minutos
527,527 minutos
528,528 minutos
529,529 minutos
530,530 minutos
531,531 minutos
532,532 minutos
533,533 minutos
534,534 minutos
535,535 minutos
536,536 minutos
537,537 minutos
538,538 minutos
539,539 minutos
540,540 minutos
541,541 minutos
542,542 minutos
543,543 minutos
544,544 minutos
545,545 minutos
546,546 minutos
547,547 minutos
548,548 minutos
549,549 minutos
550,550 minutos
551,551 minutos
552,552 minutos
553,553 minutos
554,554 minutos
555,555 minutos
556,556 minutos
557,557 minutos
558,558 minutos
559,559 minutos
560,560 minutos
561,561 minutos
562,562 minutos
563,563 minutos
564,564 minutos
565,565 minutos
566,566 minutos
567,567 minutos
568,568 minutos
569,569 minutos
570,570 minutos
571,571 minutos
572,572 minutos
573,573 minutos
574,574 minutos
575,575 minutos
576,576 minutos
577,577 minutos
578,578 minutos
579,579 minutos
580,580 minutos
581,581 minutos
582,582 minutos
583,583 minutos
584,584 minutos
585,585 minutos
586,586 minutos
587,587 minutos
588,588 minutos
589,589 minutos
590,590 minutos
591,591 minutos
592,592 minutos
593,593 minutos
594,594 minutos
595,595 minutos
596,596 minutos
597,597 minutos
598,598 minutos
599,599 minutos
600,600 minutos
601,601 minutos
602,602 minutos
603,603 minutos
604,604 minutos
605,605 minutos
606,606 minutos
607,607 minutos
608,608 minutos
609,609 minutos
610,610 minutos
611,611 minutos
612,612 minutos
613,613 minutos
614,614 minutos
615,615 minutos
616,616 minutos
617,617 minutos
618,618 minutos
619,619 minutos
620,620 minutos
621,621 minutos
622,622 minutos
623,623 minutos
624,624 minutos
625,625 minutos
626,626 minutos
627,627 minutos
628,628 minutos
629,629 minutos
630,630 minutos
631,631 minutos
632,632 minutos
633,633 minutos
634,634 minutos
635,635 minutos
636,636 minutos
637,637 minutos
638,638 minutos
639,639 minutos
640,640 minutos
641,641 minutos
642,642 minutos
643,643 minutos
644,644 minutos
645,645 minutos
646,646 minutos
647,647 minutos
648,648 minutos
649,649 minutos
650,650 minutos
651,651 minutos
652,652 minutos
653,653 minutos
654,654 minutos
655,655 minutos
656,656 minutos
657,657 minutos
658,658 minutos
659,659 minutos
660,660 minutos
661,661 minutos
662,662 minutos
663,663 minutos
664,664 minutos
665,665 minutos
666,666 minutos
667,667 minutos
668,668 minutos
669,669 minutos
670,670 minutos
671,671 minutos
672,672 minutos
673,673 minutos
674,674 minutos
675,675 minutos
676,676 minutos
677,677 minutos
678,678 minutos
679,679 minutos
680,680 minutos
681,681 minutos
682,682 minutos
683,683 minutos
684,684 minutos
685,685 minutos
686,686 minutos
687,687 minutos
688,688 minutos
689,689 minutos
690,690 minutos
691,691 minutos
692,692 minutos
693,693 minutos
694,694 minutos
695,695 minutos
696,696 minutos
697,697 minutos
698,698 minutos
699,699 minutos
700,700 minutos
701,701 minutos
702,702 minutos
703,703 minutos
704,704 minutos
705,705 minutos
706,706 minutos
707,707 minutos
708,708 minutos
709,709 minutos
710,710 minutos
711,711 minutos
712,712 minutos
713,713 minutos
714,714 minutos
715,715 minutos
716,716 minutos
717,717 minutos
718,718 minutos
719,719 minutos
720,720 minutos
721,721 minutos
722,722 minutos
723,723 minutos
724,724 minutos
725,725 minutos
726,726 minutos
727,727 minutos
728,728 minutos
729,729 minutos
730,730 minutos
731,731 minutos
732,732 minutos
733,733 minutos
734,734 minutos
735,735 minutos
736,736 minutos
737,737 minutos
738,738 minutos
739,739 minutos
740,740 minutos
741,741 minutos
742,742 minutos
743,743 minutos
744,744 minutos
745,745 minutos
746,746 minutos
747,747 minutos
748,748 minutos
749,749 minutos
750,750 minutos
751,751 minutos
752,752 minutos
753,753 minutos
754,754 minutos
755,755 minutos
756,756 minutos
757,757 minutos
758,758 minutos
759,759 minutos
760,760 minutos
761,761 minutos
762,762 minutos
763,763 minutos
764,764 minutos
765,765 minutos
766,766 minutos
767,767 minutos
768,768 minutos
769,769 minutos
770,770 minutos
771,771 minutos
772,772 minutos
773,773 minutos
774,774 minutos
775,775 minutos
776,776 minutos
777,777 minutos
778,778 minutos
779,779 minutos
780,780 minutos
781,781 minutos
782,782 minutos
783,783 minutos
784,784 minutos
785,785 minutos
786,786 minutos
787,787 minutos
788,788 minutos
789,789 minutos
790,790 minutos
791,791 minutos
792,792 minutos
793,793 minutos
794,794 minutos
795,795 minutos
796,796 minutos
797,797 minutos
798,798 minutos
799,799 minutos
800,800 minutos
801,801 minutos
802,802 minutos
803,803 minutos
804,804 minutos
805,805 minutos
806,806 minutos
807,807 minutos
808,808 minutos
809,809 minutos
810,810 minutos
811,811 minutos
812,812 minutos
813,813 minutos
814,814 minutos
815,815 minutos
816,816 minutos
817,817 minutos
818,818 minutos
819,819 minutos
820,820 minutos
821,821 minutos
822,822 minutos
823,823 minutos
824,824 minutos
825,825 minutos
826,826 minutos
827,827 minutos
828,828 minutos
829,829 minutos
830,830 minutos
831,831 minutos
832,832 minutos
833,833 minutos
834,834 minutos
835,835 minutos
836,836 minutos
837,837 minutos
838,838 minutos
839,839 minutos
840,840 minutos
841,841 minutos
842,842 minutos
843,843 minutos
844,844 minutos
845,845 minutos
846,846 minutos
847,847 minutos
848,848 minutos
849,849 minutos
850,850 minutos
851,851 minutos
852,852 minutos
853,853 minutos
854,854 minutos
855,855 minutos
856,856 minutos
857,857 minutos
858,858 minutos
859,859 minutos
860,860 minutos
861,861 minutos
862,862 minutos
863,863 minutos
864,864 minutos
865,865 minutos
866,866 minutos
867,867 minutos
868,868 minutos
869,869 minutos
870,870 minutos
871,871 minutos
872,872 minutos
873,873 minutos
874,874 minutos
875,875 minutos
876,876 minutos
877,877 minutos
878,878 minutos
879,879 minutos
880,880 minutos
881,881 minutos
882,882 minutos
883,883 minutos
884,884 minutos
885,885 minutos
886,886 minutos
887,887 minutos
888,888 minutos
889,889 minutos
890,890 minutos
891,891 minutos
892,892 minutos
893,893 minutos
894,894 minutos
895,895 minutos
896,896 minutos
897,897 minutos
898,898 minutos
899,899 minutos
900,900 minutos
901,901 minutos
902,902 minutos
903,903 minutos
904,904 minutos
905,905 minutos
906,906 minutos
907,907 minutos
908,908 minutos
909,909 minutos
910,910 minutos
911,911 minutos
912,912 minutos
913,913 minutos
914,914 minutos
915,915 minutos
916,916 minutos
917,917 minutos
918,918 minutos
919,919 minutos
920,920 minutos
921,921 minutos
922,922 minutos
923,923 minutos
924,924 minutos
925,925 minutos
926,926 minutos
927,927 minutos
928,928 minutos
929,929 minutos
930,930 minutos
931,931 minutos
932,932 minutos
933,933 minutos
934,934 minutos
935,935 minutos
936,936 minutos
937,937 minutos
938,938 minutos
939,939 minutos
940,940 minutos
941,941 minutos
942,942 minutos
943,943 minutos
944,944 minutos
945,945 minutos
946,946 minutos
947,947 minutos
948,948 minutos
949,949 minutos
950,950 minutos
951,951 minutos
952,952 minutos
953,953 minutos
954,954 minutos
955,955 minutos
956,956 minutos
957,957 minutos
958,958 minutos
959,959 minutos
960,960 minutos
961,961 minutos
962,962 minutos
963,963 minutos
964,964 minutos
965,965 minutos
966,966 minutos
967,967 minutos
968,968 minutos
969,969 minutos
970,970 minutos
971,971 minutos
972,972 minutos
973,973 minutos
974,974 minutos
975,975 minutos
976,976 minutos
977,977 minutos
978,978 minutos
979,979 minutos
980,980 minutos
981,981 minutos
982,982 minutos
983,983 minutos
984,984 minutos
985,985 minutos
986,986 minutos
987,987 minutos
988,988 minutos
989,989 minutos
990,990 minutos
991,991 minutos
992,992 minutos
993,993 minutos
994,994 minutos
995,995 minutos
996,996 minutos
997,997 minutos
998,998 minutos
999,999 minutos
blanco,Blanco por pase
